{
  "top_hours_mean": {
    "20": 1.899064135957484,
    "21": 1.877697459341276,
    "19": 1.73333506347759,
    "7": 1.502246329909479,
    "8": 1.461016495691424,
    "22": 1.4126147300503782,
    "9": 1.3316453420225982,
    "18": 1.3264510996285752,
    "10": 1.2606274399399398,
    "11": 1.2458220016891892
  },
  "top_days_mean": {
    "5": 1.2483351395145124,
    "6": 1.2201878570763613,
    "2": 1.0825877293050783,
    "1": 1.0697955145387303,
    "4": 1.0433939792483722,
    "0": 0.9995460819143289,
    "3": 0.9818092632641783
  },
  "top_months_mean": {
    "12": 1.4897288851242958,
    "1": 1.4622255094769845,
    "2": 1.300430706613628,
    "11": 1.2915321694206208,
    "3": 1.2313425556140918,
    "10": 1.1371412950317343,
    "4": 1.0471456640287684,
    "5": 1.0295708389105755,
    "9": 0.9756525262894042,
    "6": 0.9091479088103205,
    "7": 0.7003589467666543,
    "8": 0.5728124094144432
  },
  "summary": {
    "percentile": 95.0,
    "global_threshold": 3.264,
    "peak_global_ratio": 0.05000683166770768,
    "peak_by_hour_ratio": 0.05010296299188007,
    "peak_ratio_by_hour": {
      "0": 0.05004035512510089,
      "1": 0.05021067415730337,
      "2": 0.050328304404311845,
      "3": 0.05024113873671396,
      "4": 0.05028306199233447,
      "5": 0.0505981703026038,
      "6": 0.05001231541538137,
      "7": 0.05009145912480653,
      "8": 0.05003810305410634,
      "9": 0.05000234422617094,
      "10": 0.050007038288288286,
      "11": 0.050007038288288286,
      "12": 0.05000175814902071,
      "13": 0.05,
      "14": 0.05004390843627422,
      "15": 0.05001288388109349,
      "16": 0.05007324075701646,
      "17": 0.05007382754822228,
      "18": 0.05007791720857206,
      "19": 0.05010404245867527,
      "20": 0.050049640833966014,
      "21": 0.05000643056740989,
      "22": 0.05006253433544119,
      "23": 0.05010518934081346
    },
    "peak_ratio_by_dayofweek": {
      "0": 0.035165448432629615,
      "1": 0.043066535473144915,
      "2": 0.04734062296745545,
      "3": 0.034834457869135416,
      "4": 0.03804578103337819,
      "5": 0.07582844856538433,
      "6": 0.07658544490378548
    },
    "peak_ratio_by_month": {
      "1": 0.08560923471569047,
      "2": 0.07367398508444564,
      "3": 0.06151397220853231,
      "4": 0.04076321610655689,
      "5": 0.03798872043594899,
      "6": 0.03171455718239706,
      "7": 0.014751544092096266,
      "8": 0.015262382715542281,
      "9": 0.03524152830661622,
      "10": 0.05017561746203358,
      "11": 0.06595105812970854,
      "12": 0.09285283435362364
    }
  }
}